id,name,email,password
6abaee05-fddc-4f96-bdcc-f72eccb15b9f,User1,user1@example.com,password
6278296c-0247-4389-bb80-e9f96bad0c07,User2,user2@example.com,password
c23edf50-2192-434b-b5de-594a5e58f33c,User3,user3@example.com,password
cc52694d-ed00-4590-8922-45b940f40f5c,User4,user4@example.com,password
cabbe0fa-f8a7-4c3a-9236-aaf30345ada6,User5,user5@example.com,password
7ff26ea3-984b-4546-b69f-4a085fb5274a,User6,user6@example.com,password
ae8c4a48-5c9e-4b23-b812-b2ff62c454d5,User7,user7@example.com,password
517dd7c6-8177-4ef8-a8fd-4c25282db7fa,User8,user8@example.com,password
32beb94f-7706-48e8-a679-4b0411b2b118,User9,user9@example.com,password
c36fe690-66e2-40a5-94d3-dfe8aa371814,User10,user10@example.com,password
e4a429d8-171e-45bf-b237-600ea65a6bb1,User11,user11@example.com,password
f5d42473-c26f-4ed6-8cf1-8d7677a8d5a6,User12,user12@example.com,password
83feb523-79d6-4935-9c56-1e52ccd81d9f,User13,user13@example.com,password
e7eee2bd-b029-4b4a-87bf-beff551ab6d8,User14,user14@example.com,password
d4059290-126b-493d-b328-a75066f5dc95,User15,user15@example.com,password
8b28a171-28ba-435e-9dab-a50d63fe924b,User16,user16@example.com,password
6f977187-cd45-4bfc-94a6-42bf8aa9f301,User17,user17@example.com,password
77909850-0127-4954-a096-3802b76e7084,User18,user18@example.com,password
b838a47b-9b31-4c0f-882e-5ed3f3c54789,User19,user19@example.com,password
4a34c0d1-9761-4b03-b145-6fb2b77b4eb2,User20,user20@example.com,password
